{"cameraMode":{"drawMode":0,"name":"Shaded","section":"Shading Mode"},"sceneLighting":true,"audioPlay":false,"sceneViewState":{"m_AlwaysRefresh":false,"showFog":true,"showSkybox":true,"showFlares":true,"showImageEffects":true,"showParticleSystems":true,"showVisualEffectGraphs":true,"m_FxEnabled":false},"in2DMode":false,"pivot":{"x":9.505922317504883,"y":-22.723251342773439,"z":50.81489562988281},"rotation":{"x":0.26179370284080508,"y":0.010132749564945698,"z":-0.0027499403804540636,"w":0.9650568962097168},"size":33.814002990722659,"orthographic":false}